{
  "title":"Lecture 5: Transposes, permutations, spaces R^n",
  "description": "",
  "file": null,
  "learning_resource_types": ["Lecture Videos"],
  "resource_type": "Video",
  "file_type": null,
  "youtube_key":  "JibVXBElKL0",
  "captions_file": "/courses/18-06-linear-algebra-spring-2010/eb5a7fe66ff6537aac15662f73d424b7_JibVXBElKL0.vtt",
  "transcript_file": "/courses/18-06-linear-algebra-spring-2010/c69adb4aa79fccdc5d4225163689471e_JibVXBElKL0.pdf",
  "thumbnail_file": "https://img.youtube.com/vi/JibVXBElKL0/default.jpg",
  "archive_url": "http://www.archive.org/download/MIT18.06S05_MP4/05.mp4"}
