<?xml version="1.0" encoding="utf-8" standalone="yes"?>
<rss version="2.0" xmlns:atom="http://www.w3.org/2005/Atom">
  <channel>
    <title>Readings on MIT OpenCourseWare</title>
    <link>/resources/readings/</link>
    <description>Recent content in Readings on MIT OpenCourseWare</description>
    <generator>Hugo -- gohugo.io</generator>
    <language>en-us</language><atom:link href="/resources/readings/index.xml" rel="self" type="application/rss+xml" />
    <item>
      <title>Readings</title>
      <link>/pages/readings/data.json</link>
      <pubDate>Mon, 01 Jan 0001 00:00:00 +0000</pubDate>
      
      <guid>/pages/readings/data.json</guid>
      <description>The readings are assigned in: Strang, Gilbert. Introduction to Linear Algebra. 4th ed. Wellesley-Cambridge Press, 2009. ISBN: 9780980232714.
Reading assignments are also provided for the newer edition: Strang, Gilbert. Introduction to Linear Algebra. 5th ed. Wellesley-Cambridge Press, 2016. ISBN: 9780980232776.
SES # TOPICS READINGS in 4th Edition READINGS IN 5TH EDITION 1 The geometry of linear equations 1.1-2.1 ﻿1.1-2.1 2 Elimination with matrices 2.2-2.3 2.2-2.3 3 Matrix operations and inverses 2.</description>
    </item>
    
  </channel>
</rss>
