{
  "title":"Lecture 4: Factorization into A = LU",
  "description": "",
  "file": null,
  "learning_resource_types": ["Lecture Videos"],
  "resource_type": "Video",
  "file_type": null,
  "youtube_key":  "MsIvs_6vC38",
  "captions_file": "/courses/18-06-linear-algebra-spring-2010/384c13ab0cd45489a5daad41294e844d_MsIvs_6vC38.vtt",
  "transcript_file": "/courses/18-06-linear-algebra-spring-2010/bcac89b9054d2f1b8efc7b8c1a859068_MsIvs_6vC38.pdf",
  "thumbnail_file": "https://img.youtube.com/vi/MsIvs_6vC38/default.jpg",
  "archive_url": "http://www.archive.org/download/MIT18.06S05_MP4/04.mp4"}
