{
  "title":"Lecture 22: Diagonalization and powers of A",
  "description": "",
  "file": null,
  "learning_resource_types": ["Lecture Videos"],
  "resource_type": "Video",
  "file_type": null,
  "youtube_key":  "13r9QY6cmjc",
  "captions_file": "/courses/18-06-linear-algebra-spring-2010/fb70eb23877f533b968d54c1f7aabbaf_13r9QY6cmjc.vtt",
  "transcript_file": "/courses/18-06-linear-algebra-spring-2010/e6dfacf484d184018188a4e70f93db81_13r9QY6cmjc.pdf",
  "thumbnail_file": "https://img.youtube.com/vi/13r9QY6cmjc/default.jpg",
  "archive_url": "http://www.archive.org/download/MIT18.06S05_MP4/22.mp4"}
