{
  "title":"Lecture 2: Elimination with matrices",
  "description": "",
  "file": null,
  "learning_resource_types": ["Lecture Videos"],
  "resource_type": "Video",
  "file_type": null,
  "youtube_key":  "QVKj3LADCnA",
  "captions_file": "/courses/18-06-linear-algebra-spring-2010/916308875ad0523dafbd5b656b8d4887_QVKj3LADCnA.vtt",
  "transcript_file": "/courses/18-06-linear-algebra-spring-2010/49c357a7166c58e09f76f25512872fd9_QVKj3LADCnA.pdf",
  "thumbnail_file": "https://img.youtube.com/vi/QVKj3LADCnA/default.jpg",
  "archive_url": "http://www.archive.org/download/MIT18.06S05_MP4/02.mp4"}
