{
  "title":"Lecture 21: Eigenvalues and eigenvectors",
  "description": "",
  "file": null,
  "learning_resource_types": ["Lecture Videos"],
  "resource_type": "Video",
  "file_type": null,
  "youtube_key":  "cdZnhQjJu4I",
  "captions_file": "/courses/18-06-linear-algebra-spring-2010/cd951b4d5f165c1f9bfc1d7090be5ca2_cdZnhQjJu4I.vtt",
  "transcript_file": "/courses/18-06-linear-algebra-spring-2010/8d0f7baefcedee6596eaab43c55122fe_cdZnhQjJu4I.pdf",
  "thumbnail_file": "https://img.youtube.com/vi/cdZnhQjJu4I/default.jpg",
  "archive_url": "http://www.archive.org/download/MIT18.06S05_MP4/21.mp4"}
