{
  "title":"Lecture 22: Diagonalization and Powers of A",
  "description": "",
  "file": null,
  "learning_resource_types": ["Lecture Videos"],
  "resource_type": "Video",
  "file_type": "",
  "youtube_key":  "13r9QY6cmjc",
  "captions_file": "/courses/18-06sc-linear-algebra-fall-2011/31328fec5be45ee78b88aaa35d3fb995_13r9QY6cmjc.vtt",
  "transcript_file": "/courses/18-06sc-linear-algebra-fall-2011/d404622e0a39f004d40ef4bea4c52929_13r9QY6cmjc.pdf",
  "thumbnail_file": "https://img.youtube.com/vi/13r9QY6cmjc/default.jpg",
  "archive_url": "http://www.archive.org/download/MIT18.06S05_MP4/22.mp4"}
