{
  "title":"Lecture 28: Similar matrices and Jordan form",
  "description": "",
  "file": null,
  "learning_resource_types": ["Lecture Videos"],
  "resource_type": "Video",
  "file_type": null,
  "youtube_key":  "TSdXJw83kyA",
  "captions_file": "/courses/18-06-linear-algebra-spring-2010/fa52863f73125e2c95dabdb7650bdb19_TSdXJw83kyA.vtt",
  "transcript_file": "/courses/18-06-linear-algebra-spring-2010/0f4bac6de07c6e13d35de60e556af4be_TSdXJw83kyA.pdf",
  "thumbnail_file": "https://img.youtube.com/vi/TSdXJw83kyA/default.jpg",
  "archive_url": "http://www.archive.org/download/MIT18.06S05_MP4/28.mp4"}
