{
  "title":"Gil Strang's Final 18.06 Linear Algebra Lecture",
  "description": null,
  "file": null,
  "learning_resource_types": ["Lecture Videos"],
  "resource_type": "Video",
  "file_type": "",
  "youtube_key":  "lUUte2o2Sn8",
  "captions_file": "/courses/18-06-linear-algebra-spring-2010/lUUte2o2Sn8_captions.webvtt",
  "transcript_file": "/courses/18-06-linear-algebra-spring-2010/lUUte2o2Sn8_transcript.pdf",
  "thumbnail_file": "https://img.youtube.com/vi/lUUte2o2Sn8/default.jpg",
  "archive_url": "https://archive.org/download/youtube-lUUte2o2Sn8/lUUte2o2Sn8.mp4"}
