{
  "title":"Lecture 30: Linear transformations and their matrices",
  "description": "",
  "file": null,
  "learning_resource_types": ["Lecture Videos"],
  "resource_type": "Video",
  "file_type": null,
  "youtube_key":  "Ts3o2I8_Mxc",
  "captions_file": "/courses/18-06-linear-algebra-spring-2010/5d25a6a498dc5be09e4e77fe6a2576fc_Ts3o2I8_Mxc.vtt",
  "transcript_file": "/courses/18-06-linear-algebra-spring-2010/7ad2350defc787c1261729c57131ec6c_Ts3o2I8_Mxc.pdf",
  "thumbnail_file": "https://img.youtube.com/vi/Ts3o2I8_Mxc/default.jpg",
  "archive_url": "http://www.archive.org/download/MIT18.06S05_MP4/30.mp4"}
