{
  "title":"Lecture 1: The geometry of linear equations",
  "description": "",
  "file": null,
  "learning_resource_types": ["Lecture Videos"],
  "resource_type": "Video",
  "file_type": null,
  "youtube_key":  "J7DzL2_Na80",
  "captions_file": "/courses/18-06-linear-algebra-spring-2010/d292ec07b3ed5124ae1409dc520e61fe_J7DzL2_Na80.vtt",
  "transcript_file": "/courses/18-06-linear-algebra-spring-2010/f4e7ccf6e84b66c908c250fb85323f64_J7DzL2_Na80.pdf",
  "thumbnail_file": "https://img.youtube.com/vi/J7DzL2_Na80/default.jpg",
  "archive_url": "http://www.archive.org/download/MIT18.06S05_MP4/01.mp4"}
