{
  "title":"Matrix Spaces",
  "description": "",
  "file": null,
  "learning_resource_types": [],
  "resource_type": "Video",
  "file_type": "",
  "youtube_key":  "BaBoztM9Q1w",
  "captions_file": "/courses/18-06sc-linear-algebra-fall-2011/bd859a9f2d8f508a87dc2f7950e1784b_BaBoztM9Q1w.vtt",
  "transcript_file": "/courses/18-06sc-linear-algebra-fall-2011/7db51b0ebe096ee57bb0e6bcf9a1b43d_BaBoztM9Q1w.pdf",
  "thumbnail_file": "https://img.youtube.com/vi/BaBoztM9Q1w/default.jpg",
  "archive_url": "http://www.archive.org/download/MIT18.06SCF11/MIT18_06SC_110607_A1_300k.mp4"}
