{
  "title":"Lecture 18: Properties of determinants",
  "description": "",
  "file": null,
  "learning_resource_types": ["Lecture Videos"],
  "resource_type": "Video",
  "file_type": null,
  "youtube_key":  "srxexLishgY",
  "captions_file": "/courses/18-06-linear-algebra-spring-2010/652ef7fba85b5d9796b1060ce229357a_srxexLishgY.vtt",
  "transcript_file": "/courses/18-06-linear-algebra-spring-2010/9c507ce90715ff08ef19d404938a00fa_srxexLishgY.pdf",
  "thumbnail_file": "https://img.youtube.com/vi/srxexLishgY/default.jpg",
  "archive_url": "http://www.archive.org/download/MIT18.06S05_MP4/18.mp4"}
