{
  "title":"Final Exam Problem Solving",
  "description": "",
  "file": null,
  "learning_resource_types": [],
  "resource_type": "Video",
  "file_type": "",
  "youtube_key":  "4PnArrxCZLE",
  "captions_file": "/courses/18-06sc-linear-algebra-fall-2011/3e7b750dde8f5977b1cef68fa2890720_4PnArrxCZLE.vtt",
  "transcript_file": "/courses/18-06sc-linear-algebra-fall-2011/76991b37fec6d261b1dc3da7c4024d43_4PnArrxCZLE.pdf",
  "thumbnail_file": "https://img.youtube.com/vi/4PnArrxCZLE/default.jpg",
  "archive_url": "http://www.archive.org/download/MIT18.06SCF11/MIT18_06SC_110607_A2_300k.mp4"}
