{
  "title":"Lecture 6: Column space and nullspace",
  "description": "",
  "file": null,
  "learning_resource_types": ["Lecture Videos"],
  "resource_type": "Video",
  "file_type": null,
  "youtube_key":  "8o5Cmfpeo6g",
  "captions_file": "/courses/18-06-linear-algebra-spring-2010/d2cc3d5cfdeb5557b5d375f0d3b1942c_8o5Cmfpeo6g.vtt",
  "transcript_file": "/courses/18-06-linear-algebra-spring-2010/52823bc4563ea1482bb5cd7c36c60d1e_8o5Cmfpeo6g.pdf",
  "thumbnail_file": "https://img.youtube.com/vi/8o5Cmfpeo6g/default.jpg",
  "archive_url": "http://www.archive.org/download/MIT18.06S05_MP4/06.mp4"}
