{
  "title":"Lecture 11: Matrix spaces; rank 1; small world graphs",
  "description": "",
  "file": null,
  "learning_resource_types": ["Lecture Videos"],
  "resource_type": "Video",
  "file_type": null,
  "youtube_key":  "2IdtqGM6KWU",
  "captions_file": "/courses/18-06-linear-algebra-spring-2010/9a9378015dca557ea4bdb00ee4539e45_2IdtqGM6KWU.vtt",
  "transcript_file": "/courses/18-06-linear-algebra-spring-2010/55da11f77a97298e289472a651e76f4f_2IdtqGM6KWU.pdf",
  "thumbnail_file": "https://img.youtube.com/vi/2IdtqGM6KWU/default.jpg",
  "archive_url": "http://www.archive.org/download/MIT18.06S05_MP4/11.mp4"}
