{
  "title":"Lecture 17: Orthogonal matrices and Gram-Schmidt",
  "description": "",
  "file": null,
  "learning_resource_types": ["Lecture Videos"],
  "resource_type": "Video",
  "file_type": null,
  "youtube_key":  "0MtwqhIwdrI",
  "captions_file": "/courses/18-06-linear-algebra-spring-2010/75a7f53f38bc5968bce3a16f1899fb06_0MtwqhIwdrI.vtt",
  "transcript_file": "/courses/18-06-linear-algebra-spring-2010/e87f2914b2eb2f53e38688040c04b9b1_0MtwqhIwdrI.pdf",
  "thumbnail_file": "https://img.youtube.com/vi/0MtwqhIwdrI/default.jpg",
  "archive_url": "http://www.archive.org/download/MIT18.06S05_MP4/17.mp4"}
