{
  "title":"Lecture 27: Positive definite matrices and minima",
  "description": "",
  "file": null,
  "learning_resource_types": ["Lecture Videos"],
  "resource_type": "Video",
  "file_type": null,
  "youtube_key":  "vF7eyJ2g3kU",
  "captions_file": "/courses/18-06-linear-algebra-spring-2010/127da99534835688a4fb80da0ef2bd33_vF7eyJ2g3kU.vtt",
  "transcript_file": "/courses/18-06-linear-algebra-spring-2010/111608202724f78b5b19ef52dcbe61c9_vF7eyJ2g3kU.pdf",
  "thumbnail_file": "https://img.youtube.com/vi/vF7eyJ2g3kU/default.jpg",
  "archive_url": "http://www.archive.org/download/MIT18.06S05_MP4/27.mp4"}
