{
  "title":"Column Space and Nullspace",
  "description": "",
  "file": null,
  "learning_resource_types": ["Lecture Videos"],
  "resource_type": "Video",
  "file_type": "",
  "youtube_key":  "8o5Cmfpeo6g",
  "captions_file": "/courses/18-06sc-linear-algebra-fall-2011/5f84a9c9097b5711acfdcd201abae25b_8o5Cmfpeo6g.vtt",
  "transcript_file": "/courses/18-06sc-linear-algebra-fall-2011/0909fbd8d8d5c1853d19717781ea1332_8o5Cmfpeo6g.pdf",
  "thumbnail_file": "https://img.youtube.com/vi/8o5Cmfpeo6g/default.jpg",
  "archive_url": "http://www.archive.org/download/MIT18.06S05_MP4/06.mp4"}
