{
  "title":"Lecture 34: Final course review",
  "description": "",
  "file": null,
  "learning_resource_types": ["Lecture Videos"],
  "resource_type": "Video",
  "file_type": null,
  "youtube_key":  "RWvi4Vx4CDc",
  "captions_file": "/courses/18-06-linear-algebra-spring-2010/c62f9f48bd4d526dabbd814f82dfae52_RWvi4Vx4CDc.vtt",
  "transcript_file": "/courses/18-06-linear-algebra-spring-2010/583f8dc980a005b1b4d4e5f134fe54c4_RWvi4Vx4CDc.pdf",
  "thumbnail_file": "https://img.youtube.com/vi/RWvi4Vx4CDc/default.jpg",
  "archive_url": "http://www.archive.org/download/MIT18.06S05_MP4/34.mp4"}
