{
  "title":"Lecture 15: Projections onto Subspaces",
  "description": "",
  "file": null,
  "learning_resource_types": [],
  "resource_type": "Video",
  "file_type": "",
  "youtube_key":  "Y_Ac6KiQ1t0",
  "captions_file": "/courses/18-06sc-linear-algebra-fall-2011/6a9ccc5be4c45193a6368de8bcd9c10d_Y_Ac6KiQ1t0.vtt",
  "transcript_file": "/courses/18-06sc-linear-algebra-fall-2011/cb182109450623ef94def421583f1bb4_Y_Ac6KiQ1t0.pdf",
  "thumbnail_file": "https://img.youtube.com/vi/Y_Ac6KiQ1t0/default.jpg",
  "archive_url": "http://www.archive.org/download/MIT18.06S05_MP4/15.mp4"}
