{
  "title":"Lecture 9: Independence, basis, and dimension",
  "description": "",
  "file": null,
  "learning_resource_types": ["Lecture Videos"],
  "resource_type": "Video",
  "file_type": null,
  "youtube_key":  "yjBerM5jWsc",
  "captions_file": "/courses/18-06-linear-algebra-spring-2010/27daf302ed1a5b7db2a3adde066ac72c_yjBerM5jWsc.vtt",
  "transcript_file": "/courses/18-06-linear-algebra-spring-2010/36ad03fa0fce88a4b97f846156c11b8b_yjBerM5jWsc.pdf",
  "thumbnail_file": "https://img.youtube.com/vi/yjBerM5jWsc/default.jpg",
  "archive_url": "http://www.archive.org/download/MIT18.06S05_MP4/09.mp4"}
