{
  "title":"Lecture 33: Left and right inverses; pseudoinverse",
  "description": "",
  "file": null,
  "learning_resource_types": ["Lecture Videos"],
  "resource_type": "Video",
  "file_type": null,
  "youtube_key":  "Go2aLo7ZOlU",
  "captions_file": "/courses/18-06-linear-algebra-spring-2010/533728ff426056c7b9852c5111c7d497_Go2aLo7ZOlU.vtt",
  "transcript_file": "/courses/18-06-linear-algebra-spring-2010/9ba2304f3bc403aa625e99238d6195f7_Go2aLo7ZOlU.pdf",
  "thumbnail_file": "https://img.youtube.com/vi/Go2aLo7ZOlU/default.jpg",
  "archive_url": "http://www.archive.org/download/MIT18.06S05_MP4/33.mp4"}
