{
  "title":"Independence, Basis and Dimension",
  "description": "",
  "file": null,
  "learning_resource_types": [],
  "resource_type": "Video",
  "file_type": "",
  "youtube_key":  "yjBerM5jWsc",
  "captions_file": "/courses/18-06sc-linear-algebra-fall-2011/b555b03e3f2e54869067cce778afaf7d_yjBerM5jWsc.vtt",
  "transcript_file": "/courses/18-06sc-linear-algebra-fall-2011/265592b34ca558541dcce602b51d550a_yjBerM5jWsc.pdf",
  "thumbnail_file": "https://img.youtube.com/vi/yjBerM5jWsc/default.jpg",
  "archive_url": "http://www.archive.org/download/MIT18.06S05_MP4/09.mp4"}
