{
  "title":"Lecture 15: Projections onto Subspaces",
  "description": "",
  "file": null,
  "learning_resource_types": ["Lecture Videos"],
  "resource_type": "Video",
  "file_type": "",
  "youtube_key":  "Y_Ac6KiQ1t0",
  "captions_file": "/courses/18-06sc-linear-algebra-fall-2011/182ecbaa32e05473a3a38f9b2baaf3d4_Y_Ac6KiQ1t0.vtt",
  "transcript_file": "/courses/18-06sc-linear-algebra-fall-2011/3c8e3a4002df0dc851e316f175436682_Y_Ac6KiQ1t0.pdf",
  "thumbnail_file": "https://img.youtube.com/vi/Y_Ac6KiQ1t0/default.jpg",
  "archive_url": "http://www.archive.org/download/MIT18.06S05_MP4/15.mp4"}
