{
  "title":"18-06scf11-th.jpg",
  "description": "This optical illusion was seen on a restaurant floor in Paris, and coded in MATLAB by Shev Macnamara. Each color can become the tops of the cubes if you look at them correctly.",
  "file": "/courses/18-06sc-linear-algebra-fall-2011/ecd40b5c89e03d9483b1a25656487d63_18-06scf11-th.jpg",
  "learning_resource_types": [],
  "resource_type": "Image",
  "file_type": "image/jpeg",
  "image_metadata": {"caption":"This optical illusion was seen on a restaurant floor in Paris, and [coded in MATLAB®](/courses/18-06sc-linear-algebra-fall-2011/resources/hexagonart) by [Shev Macnamara](http://newsoffice.mit.edu/2012/mit-opencourseware-publishes-linear-algebra-in-innovative-ocw-scholar-format). Each color can become the tops of the cubes if you look at them correctly.","credit":"","image-alt":"Multi-colored cubes arranged to create the illusion of hexagons."}}
