{
  "title":"Lecture 12: Graphs, networks, incidence matrices",
  "description": "",
  "file": null,
  "learning_resource_types": ["Lecture Videos"],
  "resource_type": "Video",
  "file_type": null,
  "youtube_key":  "6-wh6yvk6uc",
  "captions_file": "/courses/18-06-linear-algebra-spring-2010/2e90d1a5f1ba56748b1ebe0931748ced_6-wh6yvk6uc.vtt",
  "transcript_file": "/courses/18-06-linear-algebra-spring-2010/a587f8613d33cc5ccd1428584defaf61_6-wh6yvk6uc.pdf",
  "thumbnail_file": "https://img.youtube.com/vi/6-wh6yvk6uc/default.jpg",
  "archive_url": "http://www.archive.org/download/MIT18.06S05_MP4/12.mp4"}
