{
  "title":"Lecture 7: Solving Ax = 0: pivot variables, special solutions",
  "description": "",
  "file": null,
  "learning_resource_types": ["Lecture Videos"],
  "resource_type": "Video",
  "file_type": null,
  "youtube_key":  "VqP2tREMvt0",
  "captions_file": "/courses/18-06-linear-algebra-spring-2010/8efce52a2c215e87899fc80c5635c135_VqP2tREMvt0.vtt",
  "transcript_file": "/courses/18-06-linear-algebra-spring-2010/5b376d43a2a5dd24d86e69aa67406111_VqP2tREMvt0.pdf",
  "thumbnail_file": "https://img.youtube.com/vi/VqP2tREMvt0/default.jpg",
  "archive_url": "http://www.archive.org/download/MIT18.06S05_MP4/07.mp4"}
