{
  "title":"An Interview with Gilbert Strang on Teaching Linear Algebra",
  "description": "",
  "file": null,
  "learning_resource_types": ["Other Video"],
  "resource_type": "Video",
  "file_type": "",
  "youtube_key":  "7UJ4CFRGd-U",
  "captions_file": "/courses/18-06sc-linear-algebra-fall-2011/649d8a9bf6655cd99552d08602ee8f9b_7UJ4CFRGd-U.vtt",
  "transcript_file": "/courses/18-06sc-linear-algebra-fall-2011/9a45efd57ec6849803234fd524dac66c_7UJ4CFRGd-U.pdf",
  "thumbnail_file": "https://img.youtube.com/vi/7UJ4CFRGd-U/default.jpg",
  "archive_url": "https://archive.org/download/MIT18.06SCF11/MIT18_06SCF11_Educator_Video_300k.mp4"}
