{
  "title":"Lecture 16: Projection Matrices and Least Squares",
  "description": "",
  "file": null,
  "learning_resource_types": [],
  "resource_type": "Video",
  "file_type": "",
  "youtube_key":  "osh80YCg_GM",
  "captions_file": "/courses/18-06sc-linear-algebra-fall-2011/e4114d4887ab527ab79f3d4f0f88e921_osh80YCg_GM.vtt",
  "transcript_file": "/courses/18-06sc-linear-algebra-fall-2011/0874a421068b100dbc6aa592d0ab6d10_osh80YCg_GM.pdf",
  "thumbnail_file": "https://img.youtube.com/vi/osh80YCg_GM/default.jpg",
  "archive_url": "http://www.archive.org/download/MIT18.06S05_MP4/16.mp4"}
