{
  "title":"Lecture 26: Complex matrices; fast fourier transform",
  "description": "",
  "file": null,
  "learning_resource_types": ["Lecture Videos"],
  "resource_type": "Video",
  "file_type": null,
  "youtube_key":  "M0Sa8fLOajA",
  "captions_file": "/courses/18-06-linear-algebra-spring-2010/a17ec61b39b35271bd193e3c5ca75dd3_M0Sa8fLOajA.vtt",
  "transcript_file": "/courses/18-06-linear-algebra-spring-2010/68440cfc1e8760b75bddc09bc8d374d6_M0Sa8fLOajA.pdf",
  "thumbnail_file": "https://img.youtube.com/vi/M0Sa8fLOajA/default.jpg",
  "archive_url": "http://www.archive.org/download/MIT18.06S05_MP4/26.mp4"}
