{
  "title":"Lecture 19: Determinant formulas and cofactors",
  "description": "",
  "file": null,
  "learning_resource_types": ["Lecture Videos"],
  "resource_type": "Video",
  "file_type": null,
  "youtube_key":  "23LLB9mNJvc",
  "captions_file": "/courses/18-06-linear-algebra-spring-2010/2ca595250df15e88a4474de4231225e9_23LLB9mNJvc.vtt",
  "transcript_file": "/courses/18-06-linear-algebra-spring-2010/fa572a369c5feb991dabe351a9741f03_23LLB9mNJvc.pdf",
  "thumbnail_file": "https://img.youtube.com/vi/23LLB9mNJvc/default.jpg",
  "archive_url": "http://www.archive.org/download/MIT18.06S05_MP4/19.mp4"}
