<?xml version="1.0" encoding="UTF-8"?><html xmlns="http://www.w3.org/1999/xhtml"><body><parsererror style="display: block; white-space: pre; border: 2px solid #c77; padding: 0 1em 0 1em; margin: 1em; background-color: #fdd; color: black"><h3>This page contains the following errors:</h3><div style="font-family:monospace;font-size:12px">error on line 1 at column 1: Document is empty
</div><h3>Below is a rendering of the page up to the first error.</h3></parsererror></body><file absolutepath="/MATLAB Drive/magcal/ellipsoid/utils/fit_ellipsoid10.m"></file><file absolutepath="/MATLAB Drive/Mag-Cal/Mag_Calibration.m"></file><file absolutepath="/MATLAB Drive/ellipsoid_fitting/main_simulate_calibration.m"></file><file absolutepath="/MATLAB Drive/mag_cal/plot_cal.m"></file><file absolutepath="/MATLAB Drive/mag_cal/mag_cal.m"></file><file absolutepath="/MATLAB Drive/mag_raw.txt"></file><file absolutepath="/MATLAB Drive/mag_raw2.txt"></file><file absolutepath="/MATLAB Drive/magcal/ellipsoid/main_calibrate.m"></file><file absolutepath="/MATLAB Drive/acc6.txt"></file><file absolutepath="/MATLAB Drive/Accelerometer-calibration/Kumar/calib.m"></file><file absolutepath="/MATLAB Drive/magcal/ellipsoid/data.txt"></file><file absolutepath="/MATLAB Drive/ellipsoid_fitting/main_sensor_calibration.m"></file><file absolutepath="/MATLAB Drive/Accelerometer-calibration/Kumar/data.txt"></file><file absolutepath="/MATLAB Drive/magcal/ellipsoid/utils/magcal.m"></file><file absolutepath="/MATLAB Drive/FitEllipsoid-master/XP_CompareMethods_paper3D.m"></file><file absolutepath="/MATLAB Drive/BayFit-main/EllipsoidFit_EM/demo.m"></file><file absolutepath="/MATLAB Drive/aa.txt"></file><file absolutepath="/MATLAB Drive/my.m"></file></html>