{"version":"1.1.1","state":"0","data":{"categories":{"CAT_1":{"label":"收藏命令","icon":"Category Icon","isInQAB":false,"showText":false,"editable":false,"state":"0"},"CAT_2":{"label":"示例","icon":"Category Icon","isInQAB":false,"showText":false,"editable":true,"state":"0"}},"favorites":{"FAV_1":{"label":"关于收藏命令","icon":"icon_help_favorite_16","code":"% 显示收藏命令的帮助文档\nhelpview('matlab', 'matlab_favorites');","isInQAB":false,"showText":false,"editable":true,"state":"0"},"FAV_2":{"label":"清除变量和命令","icon":"fav_command_c","code":"% 从当前 MATLAB 工作区中删除所有变量\nclear;\n\n% 清除 MATLAB 命令行窗口中的所有输入和输出\nclc;","isInQAB":false,"showText":false,"editable":true,"state":"0"},"FAV_3":{"label":"转至用户文件夹","icon":"icon_favorite_command_16","code":"% 将 MATLAB 当前文件夹更改为搜索路径上的第一个文件夹\ncd(userpath);","isInQAB":false,"showText":false,"editable":true,"state":"0"},"FAV_4":{"label":"MATLAB 徽标","icon":"icon_matlab_favorite_16","code":"% 创建一个图窗并显示 MATLAB 徽标\nlogo;\n\n% 更新图窗使其在动画期间可见\ndrawnow;\n\n% 旋转 MATLAB 徽标\n[az,el] = view;\nfor step = 1: 360\n    % 设置查看器的新位置\n    view(az + step, el);\n    % 暂时停止 MATLAB 执行以降低动画速度\n    pause(0.005);\nend\n","isInQAB":false,"showText":false,"editable":true,"state":"0"}}},"layout":{"categories":["CAT_1","CAT_2"],"favorites":{"CAT_1":[],"CAT_2":["FAV_1","FAV_2","FAV_3","FAV_4"]}}}