<?xml version="1.0" encoding="UTF-8"?>
<Editor version="1.0">
   <File absPath="/MATLAB Drive" lastWrittenTime="1755135000492" name="uncal.csv">
      <CodeFolds version="1.0"/>
   </File>
   <File absPath="/MATLAB Drive" lastWrittenTime="1755136412752" name="mag_cal.m">
      <CodeFolds version="1.0"/>
   </File>
   <File absPath="/MATLAB Drive/ellipsoid_fitting" lastWrittenTime="1755219536004" name="dcm_321_euler.m">
      <CodeFolds version="1.0"/>
   </File>
   <File absPath="/MATLAB Drive/ellipsoid_fitting" lastWrittenTime="1755227570307" name="ellipsoid_fit.m">
      <CodeFolds version="1.0"/>
   </File>
   <File absPath="/MATLAB Drive" lastWrittenTime="1755239614638" name="test.m">
      <CodeFolds version="1.0"/>
   </File>
   <File absPath="/MATLAB Drive/ellipsoid_fitting" lastWrittenTime="1755240721610" name="main_ellipsoid_fit.m">
      <CodeFolds version="1.0"/>
   </File>
   <File absPath="/MATLAB Drive" lastWrittenTime="1755245962464" name="acc3.txt">
      <CodeFolds version="1.0"/>
   </File>
   <File absPath="/MATLAB Drive" lastWrittenTime="1755250953792" name="plot_cal.m">
      <CodeFolds version="1.0"/>
   </File>
   <File absPath="/MATLAB Drive/magcal/ellipsoid" lastWrittenTime="1755668381905" name="main_ellipsoid_test.m">
      <CodeFolds version="1.0"/>
   </File>
   <File absPath="/MATLAB Drive/magcal/ellipsoid/utils" lastWrittenTime="1755670103020" name="fit_ellipsoid10.m">
      <CodeFolds version="1.0"/>
   </File>
   <File absPath="/MATLAB Drive/Mag-Cal" lastWrittenTime="1755673888884" name="Mag_Calibration.m">
      <CodeFolds version="1.0"/>
   </File>
   <File absPath="/MATLAB Drive/ellipsoid_fitting" lastWrittenTime="1755674194583" name="main_simulate_calibration.m">
      <CodeFolds version="1.0"/>
   </File>
   <File absPath="/MATLAB Drive/mag_cal" lastWrittenTime="1755675292618" name="mag_cal.m">
      <CodeFolds version="1.0"/>
   </File>
   <File absPath="/MATLAB Drive/mag_cal" lastWrittenTime="1755675305455" name="plot_cal.m">
      <CodeFolds version="1.0"/>
   </File>
   <File absPath="/MATLAB Drive" lastWrittenTime="1756110021625" name="mag_raw2.txt">
      <CodeFolds version="1.0"/>
   </File>
   <File absPath="/MATLAB Drive" lastWrittenTime="1756112315242" name="acc6.txt">
      <CodeFolds version="1.0"/>
   </File>
   <File absPath="/MATLAB Drive/magcal/ellipsoid" lastWrittenTime="1756114408075" name="data.txt">
      <CodeFolds version="1.0"/>
   </File>
   <File absPath="/MATLAB Drive/Accelerometer-calibration/Kumar" lastWrittenTime="1756188178298" name="calib.m">
      <CodeFolds version="1.0"/>
   </File>
   <File absPath="/MATLAB Drive/ellipsoid_fitting" lastWrittenTime="1756195072093" name="main_sensor_calibration.m">
      <CodeFolds version="1.0"/>
   </File>
   <File absPath="/MATLAB Drive/FitEllipsoid-master" lastWrittenTime="1756197298179" name="XP_CompareMethods_paper3D.m">
      <CodeFolds version="1.0"/>
   </File>
   <File absPath="/MATLAB Drive/BayFit-main/EllipsoidFit_EM" lastWrittenTime="1756197831101" name="demo.m">
      <CodeFolds version="1.0"/>
   </File>
   <File absPath="/MATLAB Drive" lastWrittenTime="1756199417779" name="aa.txt">
      <CodeFolds version="1.0"/>
   </File>
   <File absPath="/MATLAB Drive/magcal/ellipsoid" lastWrittenTime="1756200637607" name="main_calibrate.m">
      <CodeFolds version="1.0"/>
   </File>
   <File absPath="/MATLAB Drive/magcal/ellipsoid/utils" lastWrittenTime="1756259393676" name="magcal.m">
      <CodeFolds version="1.0"/>
   </File>
   <File absPath="/MATLAB Drive" lastWrittenTime="1756259759243" name="my.m">
      <CodeFolds version="1.0"/>
   </File>
</Editor>