{
  "title":"Computing the Four Fundamental Subspaces",
  "description": "",
  "file": null,
  "learning_resource_types": ["Recitation Videos"],
  "resource_type": "Video",
  "file_type": "",
  "youtube_key":  "D8u1LV9CnCk",
  "captions_file": "/courses/18-06sc-linear-algebra-fall-2011/27e1bf89bb115c5dbed64a8f5ac1f4b0_D8u1LV9CnCk.vtt",
  "transcript_file": "/courses/18-06sc-linear-algebra-fall-2011/69f8d92836fa1181356ea9d7f04fd816_D8u1LV9CnCk.pdf",
  "thumbnail_file": "https://img.youtube.com/vi/D8u1LV9CnCk/default.jpg",
  "archive_url": "http://www.archive.org/download/MIT18.06SCF11/MIT18_06SC_110526_B2_300k.mp4"}
