{
  "title":"Lecture 23: Differential equations and exp(At)",
  "description": "",
  "file": null,
  "learning_resource_types": ["Lecture Videos"],
  "resource_type": "Video",
  "file_type": null,
  "youtube_key":  "IZqwi0wJovM",
  "captions_file": "/courses/18-06-linear-algebra-spring-2010/1e56330d30c0544c8975cc1854b39e26_IZqwi0wJovM.vtt",
  "transcript_file": "/courses/18-06-linear-algebra-spring-2010/6d67704459268b5517f5f800a2aae300_IZqwi0wJovM.pdf",
  "thumbnail_file": "https://img.youtube.com/vi/IZqwi0wJovM/default.jpg",
  "archive_url": "http://www.archive.org/download/MIT18.06S05_MP4/23.mp4"}
