{
  "title":"Problem Solving: Properties of Determinants",
  "description": "",
  "file": null,
  "learning_resource_types": [],
  "resource_type": "Video",
  "file_type": "",
  "youtube_key":  "55AoWKZZtww",
  "captions_file": "/courses/18-06sc-linear-algebra-fall-2011/8e991a3a8eea53158554cf07fc225d8a_55AoWKZZtww.vtt",
  "transcript_file": "/courses/18-06sc-linear-algebra-fall-2011/99502471b977f207a8b5a2c89b2e218f_55AoWKZZtww.pdf",
  "thumbnail_file": "https://img.youtube.com/vi/55AoWKZZtww/default.jpg",
  "archive_url": "http://www.archive.org/download/MIT18.06SCF11/MIT18_06SC_110531_A2_300k.mp4"}
