{
  "title":"Lecture 20: Cramer's rule, inverse matrix, and volume",
  "description": "",
  "file": null,
  "learning_resource_types": ["Lecture Videos"],
  "resource_type": "Video",
  "file_type": null,
  "youtube_key":  "QNpj-gOXW9M",
  "captions_file": "/courses/18-06-linear-algebra-spring-2010/38a4064e60d05d8080f8e38c381f0e3e_QNpj-gOXW9M.vtt",
  "transcript_file": "/courses/18-06-linear-algebra-spring-2010/de52fa820f50feb22e656ebf77c26308_QNpj-gOXW9M.pdf",
  "thumbnail_file": "https://img.youtube.com/vi/QNpj-gOXW9M/default.jpg",
  "archive_url": "http://www.archive.org/download/MIT18.06S05_MP4/20.mp4"}
