{
  "title":"Lecture 25: Symmetric Matrices and Positive Definiteness",
  "description": "",
  "file": null,
  "learning_resource_types": [],
  "resource_type": "Video",
  "file_type": "",
  "youtube_key":  "UCc9q_cAhho",
  "captions_file": "/courses/18-06sc-linear-algebra-fall-2011/8405a5ca5e7b50b489237aa5c2b06dc5_UCc9q_cAhho.vtt",
  "transcript_file": "/courses/18-06sc-linear-algebra-fall-2011/8b7622bf59449df1c89208bb3d10a0a9_UCc9q_cAhho.pdf",
  "thumbnail_file": "https://img.youtube.com/vi/UCc9q_cAhho/default.jpg",
  "archive_url": "http://www.archive.org/download/MIT18.06S05_MP4/25.mp4"}
