{
  "title":"Lecture 8: Solving Ax = b: row reduced form R",
  "description": "",
  "file": null,
  "learning_resource_types": ["Lecture Videos"],
  "resource_type": "Video",
  "file_type": null,
  "youtube_key":  "9Q1q7s1jTzU",
  "captions_file": "/courses/18-06-linear-algebra-spring-2010/4f62b189d98f56db8c0d2e3f6aa8fe80_9Q1q7s1jTzU.vtt",
  "transcript_file": "/courses/18-06-linear-algebra-spring-2010/224769c9e399493a99ac441ba670eebf_9Q1q7s1jTzU.pdf",
  "thumbnail_file": "https://img.youtube.com/vi/9Q1q7s1jTzU/default.jpg",
  "archive_url": "http://www.archive.org/download/MIT18.06S05_MP4/08.mp4"}
