{
  "title":"Lecture 31: Change of basis; image compression",
  "description": "",
  "file": null,
  "learning_resource_types": ["Lecture Videos"],
  "resource_type": "Video",
  "file_type": null,
  "youtube_key":  "0h43aV4aH7I",
  "captions_file": "/courses/18-06-linear-algebra-spring-2010/b7f6284f580b5b2ab93c883ba6304e68_0h43aV4aH7I.vtt",
  "transcript_file": "/courses/18-06-linear-algebra-spring-2010/ab1c275d516e1878176ce956af1bf246_0h43aV4aH7I.pdf",
  "thumbnail_file": "https://img.youtube.com/vi/0h43aV4aH7I/default.jpg",
  "archive_url": "http://www.archive.org/download/MIT18.06S05_MP4/31.mp4"}
