{
  "title":"Problem Solving: Determinants",
  "description": "",
  "file": null,
  "learning_resource_types": ["Recitation Videos"],
  "resource_type": "Video",
  "file_type": "",
  "youtube_key":  "B17h10EF59g",
  "captions_file": "/courses/18-06sc-linear-algebra-fall-2011/9ebb6719e6855bc8b1ac71fb96d53be7_B17h10EF59g.vtt",
  "transcript_file": "/courses/18-06sc-linear-algebra-fall-2011/ebf27cc8b4bcaf3d8678bc5159f59d3e_B17h10EF59g.pdf",
  "thumbnail_file": "https://img.youtube.com/vi/B17h10EF59g/default.jpg",
  "archive_url": "http://www.archive.org/download/MIT18.06SCF11/MIT18_06SC_110526_L1_300k.mp4"}
