{
  "title":"Lecture 13: Quiz 1 review",
  "description": "",
  "file": null,
  "learning_resource_types": ["Lecture Videos"],
  "resource_type": "Video",
  "file_type": null,
  "youtube_key":  "l88D4r74gtM",
  "captions_file": "/courses/18-06-linear-algebra-spring-2010/d83ce5ad4dda5a28a9d90180987c3073_l88D4r74gtM.vtt",
  "transcript_file": "/courses/18-06-linear-algebra-spring-2010/63af0d426b1415305114019a73e92e4f_l88D4r74gtM.pdf",
  "thumbnail_file": "https://img.youtube.com/vi/l88D4r74gtM/default.jpg",
  "archive_url": "http://www.archive.org/download/MIT18.06S05_MP4/13.mp4"}
