{
  "title":"Problem Solving: Similar Matrices",
  "description": "",
  "file": null,
  "learning_resource_types": [],
  "resource_type": "Video",
  "file_type": "",
  "youtube_key":  "KUuxdk_V7To",
  "captions_file": "/courses/18-06sc-linear-algebra-fall-2011/25d672252dd45d73b08f0d6f0a1c45ba_KUuxdk_V7To.vtt",
  "transcript_file": "/courses/18-06sc-linear-algebra-fall-2011/7c03bd664692be899cb2eec9ecfade5d_KUuxdk_V7To.pdf",
  "thumbnail_file": "https://img.youtube.com/vi/KUuxdk_V7To/default.jpg",
  "archive_url": "http://www.archive.org/download/MIT18.06SCF11/MIT18_06SC_110607_B1_300k.mp4"}
