{
  "title":"18-06s10-th.jpg",
  "description": "New image Upload",
  "file": "/courses/18-06-linear-algebra-spring-2010/e041d7e7fe57acfe0bf2d71a6815db0d_18-06s10-th.jpg",
  "learning_resource_types": [],
  "resource_type": "Image",
  "file_type": "image/jpeg",
  "image_metadata": {"caption":"These windows in Philadelphia represent a beautiful block matrix. (Courtesy Gail Corbett. Used with permission.)","credit":"","image-alt":"A photograph of windows in Philadelphia, representing a block matrix."}}
