{
  "title":"Column Space and Nullspace",
  "description": "",
  "file": null,
  "learning_resource_types": [],
  "resource_type": "Video",
  "file_type": "",
  "youtube_key":  "8o5Cmfpeo6g",
  "captions_file": "/courses/18-06sc-linear-algebra-fall-2011/e0b3bc76b4a756e6bfbda226c878ca71_8o5Cmfpeo6g.vtt",
  "transcript_file": "/courses/18-06sc-linear-algebra-fall-2011/7c283d19f8bf10f3c33671c420bd1908_8o5Cmfpeo6g.pdf",
  "thumbnail_file": "https://img.youtube.com/vi/8o5Cmfpeo6g/default.jpg",
  "archive_url": "http://www.archive.org/download/MIT18.06S05_MP4/06.mp4"}
