{
  "title":"Lecture 3: Multiplication and inverse matrices",
  "description": "",
  "file": null,
  "learning_resource_types": ["Lecture Videos"],
  "resource_type": "Video",
  "file_type": null,
  "youtube_key":  "FX4C-JpTFgY",
  "captions_file": "/courses/18-06-linear-algebra-spring-2010/7460c549d93a598f9daaba421a2ed583_FX4C-JpTFgY.vtt",
  "transcript_file": "/courses/18-06-linear-algebra-spring-2010/07f82f7a07458fb3d79d1ba5cf53fa1e_FX4C-JpTFgY.pdf",
  "thumbnail_file": "https://img.youtube.com/vi/FX4C-JpTFgY/default.jpg",
  "archive_url": "http://www.archive.org/download/MIT18.06S05_MP4/03.mp4"}
