{
  "title":"Lecture 10: The four fundamental subspaces",
  "description": "",
  "file": null,
  "learning_resource_types": ["Lecture Videos"],
  "resource_type": "Video",
  "file_type": null,
  "youtube_key":  "nHlE7EgJFds",
  "captions_file": "/courses/18-06-linear-algebra-spring-2010/954095a1191a51afa66bea4c98ed62c6_nHlE7EgJFds.vtt",
  "transcript_file": "/courses/18-06-linear-algebra-spring-2010/55c07f16c1f8592e3f0457652ab11634_nHlE7EgJFds.pdf",
  "thumbnail_file": "https://img.youtube.com/vi/nHlE7EgJFds/default.jpg",
  "archive_url": "http://www.archive.org/download/MIT18.06S05_MP4/10.mp4"}
