{
  "title":"Lecture 23: Differential Equations and exp(At)",
  "description": "",
  "file": null,
  "learning_resource_types": ["Lecture Videos"],
  "resource_type": "Video",
  "file_type": "",
  "youtube_key":  "IZqwi0wJovM",
  "captions_file": "/courses/18-06sc-linear-algebra-fall-2011/fb7032917aec525cbc2021aa6ddab43d_IZqwi0wJovM.vtt",
  "transcript_file": "/courses/18-06sc-linear-algebra-fall-2011/96bf84be7938dc3b2385a4b7991c27c2_IZqwi0wJovM.pdf",
  "thumbnail_file": "https://img.youtube.com/vi/IZqwi0wJovM/default.jpg",
  "archive_url": "http://www.archive.org/download/MIT18.06S05_MP4/23.mp4"}
