{
  "title":"Problem Solving: Similar Matrices",
  "description": "",
  "file": null,
  "learning_resource_types": ["Recitation Videos"],
  "resource_type": "Video",
  "file_type": "",
  "youtube_key":  "KUuxdk_V7To",
  "captions_file": "/courses/18-06sc-linear-algebra-fall-2011/629f5eaace2351e5befb3b65e46243c2_KUuxdk_V7To.vtt",
  "transcript_file": "/courses/18-06sc-linear-algebra-fall-2011/d884415d8533b2bce595c5817459c53f_KUuxdk_V7To.pdf",
  "thumbnail_file": "https://img.youtube.com/vi/KUuxdk_V7To/default.jpg",
  "archive_url": "http://www.archive.org/download/MIT18.06SCF11/MIT18_06SC_110607_B1_300k.mp4"}
