{
  "title":"Lecture 16: Projection matrices and least squares",
  "description": "",
  "file": null,
  "learning_resource_types": ["Lecture Videos"],
  "resource_type": "Video",
  "file_type": null,
  "youtube_key":  "osh80YCg_GM",
  "captions_file": "/courses/18-06-linear-algebra-spring-2010/4d851fa825625d70a6ce903914e0e254_osh80YCg_GM.vtt",
  "transcript_file": "/courses/18-06-linear-algebra-spring-2010/b05d83bbdd6bcc995f2f8002093010c6_osh80YCg_GM.pdf",
  "thumbnail_file": "https://img.youtube.com/vi/osh80YCg_GM/default.jpg",
  "archive_url": "http://www.archive.org/download/MIT18.06S05_MP4/16.mp4"}
