{
  "title":"Exam 3 Problem Solving",
  "description": "",
  "file": null,
  "learning_resource_types": [],
  "resource_type": "Video",
  "file_type": "",
  "youtube_key":  "OsHY7ycgbaE",
  "captions_file": "/courses/18-06sc-linear-algebra-fall-2011/8bfd9a7ec9775ee9a39955b05c7f2f92_OsHY7ycgbaE.vtt",
  "transcript_file": "/courses/18-06sc-linear-algebra-fall-2011/a1eca5b46b973dc4f212e7d1a57dc60a_OsHY7ycgbaE.pdf",
  "thumbnail_file": "https://img.youtube.com/vi/OsHY7ycgbaE/default.jpg",
  "archive_url": "http://www.archive.org/download/MIT18.06SCF11/MIT18_06SC_110714_D2_300k.mp4"}
