{
  "title":"Lecture 29: Singular value decomposition",
  "description": "",
  "file": null,
  "learning_resource_types": ["Lecture Videos"],
  "resource_type": "Video",
  "file_type": null,
  "youtube_key":  "TX_vooSnhm8",
  "captions_file": "/courses/18-06-linear-algebra-spring-2010/a0ca026f1d605a1f8ad6d449dcf7321b_TX_vooSnhm8.vtt",
  "transcript_file": "/courses/18-06-linear-algebra-spring-2010/0f4d618b79d74403afcbaef310117f03_TX_vooSnhm8.pdf",
  "thumbnail_file": "https://img.youtube.com/vi/TX_vooSnhm8/default.jpg",
  "archive_url": "http://www.archive.org/download/MIT18.06S05_MP4/29.mp4"}
