{
  "title":"Lecture 15: Projections onto subspaces",
  "description": "",
  "file": null,
  "learning_resource_types": ["Lecture Videos"],
  "resource_type": "Video",
  "file_type": null,
  "youtube_key":  "Y_Ac6KiQ1t0",
  "captions_file": "/courses/18-06-linear-algebra-spring-2010/77997176bfd25617ae5332c3791b2018_Y_Ac6KiQ1t0.vtt",
  "transcript_file": "/courses/18-06-linear-algebra-spring-2010/96a31504ec5d489d84113320b593eb0d_Y_Ac6KiQ1t0.pdf",
  "thumbnail_file": "https://img.youtube.com/vi/Y_Ac6KiQ1t0/default.jpg",
  "archive_url": "http://www.archive.org/download/MIT18.06S05_MP4/15.mp4"}
