{
  "title":"Lecture 25: Symmetric matrices and positive definiteness",
  "description": "",
  "file": null,
  "learning_resource_types": ["Lecture Videos"],
  "resource_type": "Video",
  "file_type": null,
  "youtube_key":  "UCc9q_cAhho",
  "captions_file": "/courses/18-06-linear-algebra-spring-2010/d214493a108e579197046fc5ba152510_UCc9q_cAhho.vtt",
  "transcript_file": "/courses/18-06-linear-algebra-spring-2010/e92d794482d7b331dfa7f9324f2f5150_UCc9q_cAhho.pdf",
  "thumbnail_file": "https://img.youtube.com/vi/UCc9q_cAhho/default.jpg",
  "archive_url": "http://www.archive.org/download/MIT18.06S05_MP4/25.mp4"}
