{
  "title":"Lecture 19: Determinant Formulas and Cofactors",
  "description": "",
  "file": null,
  "learning_resource_types": ["Lecture Videos"],
  "resource_type": "Video",
  "file_type": "",
  "youtube_key":  "23LLB9mNJvc",
  "captions_file": "/courses/18-06sc-linear-algebra-fall-2011/c2274531c7865da19fadf7b4562aed7f_23LLB9mNJvc.vtt",
  "transcript_file": "/courses/18-06sc-linear-algebra-fall-2011/2640710dbcc2368951407b47c9807427_23LLB9mNJvc.pdf",
  "thumbnail_file": "https://img.youtube.com/vi/23LLB9mNJvc/default.jpg",
  "archive_url": "http://www.archive.org/download/MIT18.06S05_MP4/19.mp4"}
