{
  "title":"Lecture 14: Orthogonal vectors and subspaces",
  "description": "",
  "file": null,
  "learning_resource_types": ["Lecture Videos"],
  "resource_type": "Video",
  "file_type": null,
  "youtube_key":  "YzZUIYRCE38",
  "captions_file": "/courses/18-06-linear-algebra-spring-2010/88905561ff94510f9464c8332d4665ea_YzZUIYRCE38.vtt",
  "transcript_file": "/courses/18-06-linear-algebra-spring-2010/47d18e420743b6c0ff2851531f805bfc_YzZUIYRCE38.pdf",
  "thumbnail_file": "https://img.youtube.com/vi/YzZUIYRCE38/default.jpg",
  "archive_url": "http://www.archive.org/download/MIT18.06S05_MP4/14.mp4"}
