{
  "title":"Lecture 32: Quiz 3 review",
  "description": "",
  "file": null,
  "learning_resource_types": ["Lecture Videos"],
  "resource_type": "Video",
  "file_type": null,
  "youtube_key":  "HgC1l_6ySkc",
  "captions_file": "/courses/18-06-linear-algebra-spring-2010/72f95321fb8751da9b131488417f2693_HgC1l_6ySkc.vtt",
  "transcript_file": "/courses/18-06-linear-algebra-spring-2010/5b675f448f72e8c01d2d0a1ed62b98df_HgC1l_6ySkc.pdf",
  "thumbnail_file": "https://img.youtube.com/vi/HgC1l_6ySkc/default.jpg",
  "archive_url": "http://www.archive.org/download/MIT18.06S05_MP4/32.mp4"}
