{
  "title":"An Interview with Gilbert Strang on Teaching Linear Algebra",
  "description": "",
  "file": null,
  "learning_resource_types": [],
  "resource_type": "Video",
  "file_type": null,
  "youtube_key":  "7UJ4CFRGd-U",
  "captions_file": "/courses/18-06-linear-algebra-spring-2010/2f2b1bbc318b5fdcade8ac2ec1b5a911_7UJ4CFRGd-U.vtt",
  "transcript_file": "/courses/18-06-linear-algebra-spring-2010/24f7f9a2b23f81003dfdf6c146e123b7_7UJ4CFRGd-U.pdf",
  "thumbnail_file": "https://img.youtube.com/vi/7UJ4CFRGd-U/default.jpg",
  "archive_url": "https://archive.org/download/MIT18.06SCF11/MIT18_06SCF11_Educator_Video_300k.mp4"}
