{
  "title":"Lecture 24: Markov matrices; fourier series",
  "description": "",
  "file": null,
  "learning_resource_types": ["Lecture Videos"],
  "resource_type": "Video",
  "file_type": null,
  "youtube_key":  "lGGDIGizcQ0",
  "captions_file": "/courses/18-06-linear-algebra-spring-2010/a2a4a6c5ca1c5d9b86838b3fae2f59c2_lGGDIGizcQ0.vtt",
  "transcript_file": "/courses/18-06-linear-algebra-spring-2010/a77a2a3a8c01d73741727acb73bffb69_lGGDIGizcQ0.pdf",
  "thumbnail_file": "https://img.youtube.com/vi/lGGDIGizcQ0/default.jpg",
  "archive_url": "http://www.archive.org/download/MIT18.06S05_MP4/24.mp4"}
