{
  "title":"Problem Solving: Powers of a Matrix",
  "description": "",
  "file": null,
  "learning_resource_types": ["Recitation Videos"],
  "resource_type": "Video",
  "file_type": "",
  "youtube_key":  "5IGTFgPqlkw",
  "captions_file": "/courses/18-06sc-linear-algebra-fall-2011/00ebbe27cb815567a0856f4874073ee4_5IGTFgPqlkw.vtt",
  "transcript_file": "/courses/18-06sc-linear-algebra-fall-2011/d7fb35f365c2d4686ef3009c878ed90b_5IGTFgPqlkw.pdf",
  "thumbnail_file": "https://img.youtube.com/vi/5IGTFgPqlkw/default.jpg",
  "archive_url": "http://www.archive.org/download/MIT18.06SCF11/MIT18_06SC_110531_B2_300k.mp4"}
