{
  "title":"Lecture 24b: Quiz 2 review",
  "description": "",
  "file": null,
  "learning_resource_types": ["Lecture Videos"],
  "resource_type": "Video",
  "file_type": null,
  "youtube_key":  "QuZL5IKpO_U",
  "captions_file": "/courses/18-06-linear-algebra-spring-2010/9aae448a55f150d4985ed37e756ccea7_QuZL5IKpO_U.vtt",
  "transcript_file": "/courses/18-06-linear-algebra-spring-2010/3a4c9c7a6e90be05bff41ffcda51cf24_QuZL5IKpO_U.pdf",
  "thumbnail_file": "https://img.youtube.com/vi/QuZL5IKpO_U/default.jpg",
  "archive_url": "http://www.archive.org/download/MIT18.06S05_MP4/24b.mp4"}
